{
  "i18n/i18n.properties": 1599663694075,
  "controller/View1.controller.js": 1599669715130,
  "model/models.js": 1599663694075,
  "manifest.json": 1599670084723,
  "Component.js": 1599663694071,
  "manifest-bundle.zip": 1599670084525,
  "Component-preload.js": 1599670084702,
  "Component-dbg.js": 1599663694071,
  "controller/View1-dbg.controller.js": 1599669715130,
  "model/models-dbg.js": 1599663694075,
  "resources.json": 1599670084726,
  "view/View1.view.xml": 1599670056680,
  "css/style.css": 1599663694071,
  "index.html": 1599663694071
}